/*
 Navicat Premium Data Transfer

 Source Server         : localhost_3306
 Source Server Type    : MySQL
 Source Server Version : 80042
 Source Host           : localhost:3306
 Source Schema         : hospital_drug

 Target Server Type    : MySQL
 Target Server Version : 80042
 File Encoding         : 65001

 Date: 26/05/2026 12:36:16
*/

SET NAMES utf8mb4;
SET FOREIGN_KEY_CHECKS = 0;

-- ----------------------------
-- Table structure for audit_record
-- ----------------------------
DROP TABLE IF EXISTS `audit_record`;
CREATE TABLE `audit_record`  (
  `record_id` bigint(0) NOT NULL AUTO_INCREMENT COMMENT 'и®°еҪ• ID',
  `order_id` bigint(0) NOT NULL COMMENT 'е…іиҒ”йҮҮиҙӯеҚ• ID',
  `audit_user_id` bigint(0) NULL DEFAULT NULL COMMENT 'е®Ўж ёдәә ID',
  `audit_user_name` varchar(50) CHARACTER SET utf8mb4 COLLATE utf8mb4_0900_ai_ci NULL DEFAULT NULL COMMENT 'е®Ўж ёдәәе§“еҗҚ',
  `audit_result` int(0) NULL DEFAULT NULL COMMENT 'е®Ўж ёз»“жһңпјҲ1йҖҡиҝҮ/2й©іеӣһпјү',
  `audit_remark` varchar(500) CHARACTER SET utf8mb4 COLLATE utf8mb4_0900_ai_ci NULL DEFAULT NULL COMMENT 'е®Ўж ёж„Ҹи§Ғ',
  `audit_time` datetime(0) NULL DEFAULT CURRENT_TIMESTAMP COMMENT 'е®Ўж ёж—¶й—ҙ',
  `audit_level` int(0) NULL DEFAULT NULL COMMENT 'е®Ўж ёзә§еҲ«пјҲ1дёҖзә§/2дәҢзә§/3дёүзә§пјү',
  PRIMARY KEY (`record_id`) USING BTREE,
  INDEX `idx_order_id`(`order_id`) USING BTREE
) ENGINE = InnoDB AUTO_INCREMENT = 5 CHARACTER SET = utf8mb4 COLLATE = utf8mb4_0900_ai_ci COMMENT = 'е®Ўж ёи®°еҪ•иЎЁ' ROW_FORMAT = Dynamic;

-- ----------------------------
-- Records of audit_record
-- ----------------------------
INSERT INTO `audit_record` VALUES (1, 1, 2, 'жқҺе®Ўж ё', 1, 'е®Ўж ёйҖҡиҝҮпјҢиҚҜе“ҒйңҖжұӮеҗҲзҗҶ', '2026-05-10 15:00:00', 1);
INSERT INTO `audit_record` VALUES (2, 2, 2, 'жқҺе®Ўж ё', 1, 'е®Ўж ёйҖҡиҝҮ', '2026-05-12 16:30:00', 1);
INSERT INTO `audit_record` VALUES (3, 5, 2, 'жқҺе®Ўж ё', 2, 'й©іеӣһпјҢдҫӣеә”е•ҶеҸҚйҰҲжҡӮж—¶зјәиҙ§пјҢе»әи®®жӣҙжҚўдҫӣеә”е•Ҷ', '2026-05-21 09:00:00', 1);

-- ----------------------------
-- Table structure for drug_in
-- ----------------------------
DROP TABLE IF EXISTS `drug_in`;
CREATE TABLE `drug_in`  (
  `in_id` bigint(0) NOT NULL AUTO_INCREMENT COMMENT 'е…Ҙеә“ ID',
  `in_no` varchar(50) CHARACTER SET utf8mb4 COLLATE utf8mb4_0900_ai_ci NOT NULL COMMENT 'е…Ҙеә“еҚ•еҸ·',
  `order_id` bigint(0) NULL DEFAULT NULL COMMENT 'йҮҮиҙӯи®ўеҚ• ID',
  `in_type` varchar(20) CHARACTER SET utf8mb4 COLLATE utf8mb4_0900_ai_ci NULL DEFAULT 'йҮҮиҙӯе…Ҙеә“' COMMENT 'е…Ҙеә“зұ»еһӢпјҲйҮҮиҙӯе…Ҙеә“/йҖҖиҙ§е…Ҙеә“/и°ғжӢЁе…Ҙеә“/е…¶д»–пјү',
  `drug_id` bigint(0) NOT NULL COMMENT 'иҚҜе“Ғ ID',
  `warehouse_id` bigint(0) NOT NULL COMMENT 'д»“еә“ ID',
  `batch_no` varchar(50) CHARACTER SET utf8mb4 COLLATE utf8mb4_0900_ai_ci NULL DEFAULT NULL COMMENT 'жү№еҸ·',
  `quantity` int(0) NOT NULL COMMENT 'е…Ҙеә“ж•°йҮҸ',
  `purchase_price` decimal(10, 2) NOT NULL COMMENT 'е…Ҙеә“еҚ•д»·',
  `production_date` date NULL DEFAULT NULL COMMENT 'з”ҹдә§ж—Ҙжңҹ',
  `expiry_date` date NULL DEFAULT NULL COMMENT 'жңүж•Ҳжңҹ',
  `in_date` datetime(0) NULL DEFAULT CURRENT_TIMESTAMP COMMENT 'е…Ҙеә“ж—¶й—ҙ',
  `create_user_id` bigint(0) NULL DEFAULT NULL COMMENT 'ж“ҚдҪңдәә ID',
  `remark` varchar(500) CHARACTER SET utf8mb4 COLLATE utf8mb4_0900_ai_ci NULL DEFAULT NULL COMMENT 'еӨҮжіЁ',
  `create_time` datetime(0) NULL DEFAULT CURRENT_TIMESTAMP COMMENT 'еҲӣе»әж—¶й—ҙ',
  `is_deleted` tinyint(1) NOT NULL DEFAULT 0 COMMENT 'жҳҜеҗҰеҲ йҷӨпјҲ0жңӘеҲ йҷӨ/1е·ІеҲ йҷӨпјү',
  PRIMARY KEY (`in_id`) USING BTREE,
  UNIQUE INDEX `in_no`(`in_no`) USING BTREE,
  INDEX `idx_drug_id`(`drug_id`) USING BTREE,
  INDEX `idx_warehouse_id`(`warehouse_id`) USING BTREE
) ENGINE = InnoDB AUTO_INCREMENT = 20 CHARACTER SET = utf8mb4 COLLATE = utf8mb4_0900_ai_ci COMMENT = 'иҚҜе“Ғе…Ҙеә“иЎЁ' ROW_FORMAT = Dynamic;

-- ----------------------------
-- Records of drug_in
-- ----------------------------
INSERT INTO `drug_in` VALUES (1, 'RK20260511001', 1, 'йҮҮиҙӯе…Ҙеә“', 1, 1, 'PC20260511001', 100, 8.80, '2026-03-15', '2028-03-15', '2026-05-11 10:00:00', 4, 'йҮҮиҙӯи®ўеҚ•CG20260510001еҲ°иҙ§', '2026-05-24 16:30:46', 0);
INSERT INTO `drug_in` VALUES (2, 'RK20260511002', 1, 'йҮҮиҙӯе…Ҙеә“', 2, 1, 'PC20260511002', 80, 12.50, '2026-04-01', '2028-04-01', '2026-05-11 10:30:00', 4, 'йҮҮиҙӯи®ўеҚ•CG20260510001еҲ°иҙ§', '2026-05-24 16:30:46', 0);
INSERT INTO `drug_in` VALUES (3, 'RK20260511003', 1, 'йҮҮиҙӯе…Ҙеә“', 5, 1, 'PC20260511003', 50, 15.60, '2026-02-20', '2028-02-20', '2026-05-11 11:00:00', 4, 'йҮҮиҙӯи®ўеҚ•CG20260510001еҲ°иҙ§', '2026-05-24 16:30:46', 0);
INSERT INTO `drug_in` VALUES (4, 'RK20260511004', 1, 'йҮҮиҙӯе…Ҙеә“', 13, 2, 'PC20260511004', 200, 2.20, '2026-05-01', '2029-05-01', '2026-05-11 14:00:00', 4, 'йҮҮиҙӯи®ўеҚ•CG20260510001еҲ°иҙ§', '2026-05-24 16:30:46', 0);
INSERT INTO `drug_in` VALUES (5, 'RK20260511005', 1, 'йҮҮиҙӯе…Ҙеә“', 15, 2, 'PC20260511005', 20, 19.50, '2026-01-10', '2030-01-10', '2026-05-11 14:30:00', 4, 'йҮҮиҙӯи®ўеҚ•CG20260510001еҲ°иҙ§', '2026-05-24 16:30:46', 0);
INSERT INTO `drug_in` VALUES (6, 'RK20260513001', 2, 'йҮҮиҙӯе…Ҙеә“', 3, 1, 'PC20260513001', 150, 4.20, '2026-04-10', '2029-04-10', '2026-05-13 09:00:00', 4, 'йҮҮиҙӯи®ўеҚ•CG20260512001еҲ°иҙ§', '2026-05-24 16:30:46', 0);
INSERT INTO `drug_in` VALUES (7, 'RK20260513002', 2, 'йҮҮиҙӯе…Ҙеә“', 4, 2, 'PC20260513002', 200, 2.10, '2026-04-15', '2029-04-15', '2026-05-13 09:30:00', 4, 'йҮҮиҙӯи®ўеҚ•CG20260512001еҲ°иҙ§', '2026-05-24 16:30:46', 0);
INSERT INTO `drug_in` VALUES (8, 'RK20260513003', 2, 'йҮҮиҙӯе…Ҙеә“', 9, 2, 'PC20260513003', 100, 3.20, '2026-03-20', '2029-03-20', '2026-05-13 10:00:00', 4, 'йҮҮиҙӯи®ўеҚ•CG20260512001еҲ°иҙ§', '2026-05-24 16:30:46', 0);

-- ----------------------------
-- Table structure for drug_info
-- ----------------------------
DROP TABLE IF EXISTS `drug_info`;
CREATE TABLE `drug_info`  (
  `drug_id` bigint(0) NOT NULL AUTO_INCREMENT COMMENT 'иҚҜе“Ғ ID',
  `drug_code` varchar(50) CHARACTER SET utf8mb4 COLLATE utf8mb4_0900_ai_ci NOT NULL COMMENT 'иҚҜе“Ғзј–з Ғ',
  `drug_name` varchar(100) CHARACTER SET utf8mb4 COLLATE utf8mb4_0900_ai_ci NOT NULL COMMENT 'иҚҜе“ҒеҗҚз§°',
  `drug_type` varchar(20) CHARACTER SET utf8mb4 COLLATE utf8mb4_0900_ai_ci NULL DEFAULT NULL COMMENT 'иҚҜе“Ғзұ»еһӢпјҲиҘҝиҚҜ/дёӯиҚҜ/дёӯжҲҗиҚҜ/иҖ—жқҗпјү',
  `spec` varchar(100) CHARACTER SET utf8mb4 COLLATE utf8mb4_0900_ai_ci NULL DEFAULT NULL COMMENT 'и§„ж ј',
  `unit` varchar(20) CHARACTER SET utf8mb4 COLLATE utf8mb4_0900_ai_ci NULL DEFAULT NULL COMMENT 'еҚ•дҪҚ',
  `price` decimal(10, 2) NULL DEFAULT NULL COMMENT 'й”Җе”®еҚ•д»·',
  `purchase_price` decimal(10, 2) NULL DEFAULT NULL COMMENT 'йҮҮиҙӯеҚ•д»·',
  `warning_num` int(0) NULL DEFAULT 10 COMMENT 'еә“еӯҳйў„иӯҰеҖј',
  `max_warning_num` int(0) NULL DEFAULT 100 COMMENT 'жңҖеӨ§еә“еӯҳйў„иӯҰеҖј',
  `shelf_life` int(0) NULL DEFAULT NULL COMMENT 'дҝқиҙЁжңҹпјҲжңҲпјү',
  `supplier_id` bigint(0) NULL DEFAULT NULL COMMENT 'дҫӣеә”е•Ҷ ID',
  `production_enterprise` varchar(200) CHARACTER SET utf8mb4 COLLATE utf8mb4_0900_ai_ci NULL DEFAULT NULL COMMENT 'з”ҹдә§дјҒдёҡ',
  `approval_num` varchar(100) CHARACTER SET utf8mb4 COLLATE utf8mb4_0900_ai_ci NULL DEFAULT NULL COMMENT 'жү№еҮҶж–ҮеҸ·',
  `status` int(0) NULL DEFAULT 1 COMMENT 'зҠ¶жҖҒпјҲ0 дёӢжһ¶/1 дёҠжһ¶пјү',
  `create_time` datetime(0) NULL DEFAULT CURRENT_TIMESTAMP COMMENT 'еҲӣе»әж—¶й—ҙ',
  `update_time` datetime(0) NULL DEFAULT CURRENT_TIMESTAMP ON UPDATE CURRENT_TIMESTAMP(0) COMMENT 'жӣҙж–°ж—¶й—ҙ',
  `is_deleted` tinyint(1) NOT NULL DEFAULT 0 COMMENT 'жҳҜеҗҰеҲ йҷӨпјҲ0жңӘеҲ йҷӨ/1е·ІеҲ йҷӨпјү',
  PRIMARY KEY (`drug_id`) USING BTREE,
  UNIQUE INDEX `drug_code`(`drug_code`) USING BTREE,
  INDEX `idx_supplier_id`(`supplier_id`) USING BTREE
) ENGINE = InnoDB AUTO_INCREMENT = 16 CHARACTER SET = utf8mb4 COLLATE = utf8mb4_0900_ai_ci COMMENT = 'иҚҜе“ҒдҝЎжҒҜиЎЁ' ROW_FORMAT = Dynamic;

-- ----------------------------
-- Records of drug_info
-- ----------------------------
INSERT INTO `drug_info` VALUES (1, 'YP001', 'йҳҝиҺ«иҘҝжһ—иғ¶еӣҠ', 'жҠ—з”ҹзҙ ', '0.5gГ—24зІ’/зӣ’', 'зӣ’', 12.50, 8.80, 20, 150, 24, 1, 'еҚҺеҢ—еҲ¶иҚҜиӮЎд»Ҫжңүйҷҗе…¬еҸё', 'еӣҪиҚҜеҮҶеӯ—H13023964', 1, '2026-05-24 16:30:46', '2026-05-24 16:54:20', 0);
INSERT INTO `drug_info` VALUES (2, 'YP002', 'еӨҙеӯўе…Ӣжҙӣиғ¶еӣҠ', 'жҠ—з”ҹзҙ ', '0.25gГ—12зІ’/зӣ’', 'зӣ’', 18.00, 12.50, 60, 400, 24, 1, 'дёҪзҸ йӣҶеӣўдёҪзҸ еҲ¶иҚҜеҺӮ', 'еӣҪиҚҜеҮҶеӯ—H10940157', 1, '2026-05-24 16:30:46', '2026-05-24 16:52:07', 0);
INSERT INTO `drug_info` VALUES (3, 'YP003', 'еёғжҙӣиҠ¬зүҮ', 'и§Јзғӯй•Үз—ӣ', '0.2gГ—20зүҮ/зӣ’', 'зӣ’', 6.80, 4.20, 30, 200, 36, 2, 'дёӯзҫҺеӨ©жҙҘеҸІе…ӢеҲ¶иҚҜжңүйҷҗе…¬еҸё', 'еӣҪиҚҜеҮҶеӯ—H10900089', 1, '2026-05-24 16:30:46', '2026-05-24 16:52:07', 0);
INSERT INTO `drug_info` VALUES (4, 'YP004', 'еҜ№д№ҷй…°ж°Ёеҹәй…ҡзүҮ', 'и§Јзғӯй•Үз—ӣ', '0.5gГ—12зүҮ/зӣ’', 'зӣ’', 3.50, 2.10, 30, 150, 36, 2, 'иҘҝе®үеҲ©еҗӣеҲ¶иҚҜжңүйҷҗиҙЈд»»е…¬еҸё', 'еӣҪиҚҜеҮҶеӯ—H61021285', 1, '2026-05-24 16:30:46', '2026-05-24 16:52:07', 0);
INSERT INTO `drug_info` VALUES (5, 'YP005', 'йҳҝеҘҮйңүзҙ зүҮ', 'жҠ—з”ҹзҙ ', '0.25gГ—6зүҮ/зӣ’', 'зӣ’', 22.00, 15.60, 40, 300, 24, 3, 'иҫүз‘һеҲ¶иҚҜжңүйҷҗе…¬еҸё', 'еӣҪиҚҜеҮҶеӯ—H20066921', 1, '2026-05-24 16:30:46', '2026-05-24 16:52:07', 0);
INSERT INTO `drug_info` VALUES (6, 'YP006', 'еҘҘзҫҺжӢүе”‘иғ¶еӣҠ', 'ж¶ҲеҢ–зі»з»ҹ', '20mgГ—14зІ’/зӣ’', 'зӣ’', 15.80, 10.20, 50, 300, 24, 3, 'йҳҝж–ҜеҲ©еә·еҲ¶иҚҜжңүйҷҗе…¬еҸё', 'еӣҪиҚҜеҮҶеӯ—H20031110', 1, '2026-05-24 16:30:46', '2026-05-24 16:52:07', 0);
INSERT INTO `drug_info` VALUES (7, 'YP007', 'и’ҷи„ұзҹіж•Ј', 'ж¶ҲеҢ–зі»з»ҹ', '3gГ—10иўӢ/зӣ’', 'зӣ’', 19.50, 13.80, 30, 200, 36, 4, 'еҚҡзҰҸ-зӣҠжҷ®з”ҹеҲ¶иҚҜжңүйҷҗе…¬еҸё', 'еӣҪиҚҜеҮҶеӯ—H20000690', 1, '2026-05-24 16:30:46', '2026-05-24 16:52:07', 0);
INSERT INTO `drug_info` VALUES (8, 'YP008', 'ж°Ҝйӣ·д»–е®ҡзүҮ', 'жҠ—иҝҮж•Ҹ', '10mgГ—6зүҮ/зӣ’', 'зӣ’', 16.00, 11.00, 20, 100, 36, 4, 'дёҠжө·е…ҲзҒөи‘Ҷйӣ…еҲ¶иҚҜжңүйҷҗе…¬еҸё', 'еӣҪиҚҜеҮҶеӯ—H20040549', 1, '2026-05-24 16:30:46', '2026-05-24 16:52:07', 0);
INSERT INTO `drug_info` VALUES (9, 'YP009', 'еӨҚж–№з”ҳиҚүзүҮ', 'й•Үе’ізҘӣз—°', '100зүҮ/з“¶', 'з“¶', 5.50, 3.20, 20, 200, 36, 2, 'еҢ—дә¬еҗҢд»Ғе ӮеҲ¶иҚҜжңүйҷҗе…¬еҸё', 'еӣҪиҚҜеҮҶеӯ—H11022441', 1, '2026-05-24 16:30:46', '2026-05-24 16:30:46', 0);
INSERT INTO `drug_info` VALUES (10, 'YP010', 'з»ҙз”ҹзҙ CзүҮ', 'з»ҙз”ҹзҙ ', '0.1gГ—100зүҮ/з“¶', 'з“¶', 4.00, 2.50, 15, 40, 36, 5, 'дёңеҢ—еҲ¶иҚҜжҖ»еҺӮ', 'еӣҪиҚҜеҮҶеӯ—H21020733', 1, '2026-05-24 16:30:46', '2026-05-24 16:52:07', 0);
INSERT INTO `drug_info` VALUES (11, 'YP011', 'и‘Ўиҗ„зі–жіЁе°„ж¶І', 'иҫ“ж¶Ізұ»', '5%Г—500ml/з“¶', 'з“¶', 2.80, 1.60, 50, 500, 24, 5, 'еӣӣе·қз§‘дјҰиҚҜдёҡиӮЎд»Ҫжңүйҷҗе…¬еҸё', 'еӣҪиҚҜеҮҶеӯ—H51020636', 1, '2026-05-24 16:30:46', '2026-05-24 16:30:46', 0);
INSERT INTO `drug_info` VALUES (12, 'YP012', 'ж°ҜеҢ–й’ жіЁе°„ж¶І', 'иҫ“ж¶Ізұ»', '0.9%Г—500ml/з“¶', 'з“¶', 2.50, 1.40, 50, 500, 24, 5, 'еӣӣе·қз§‘дјҰиҚҜдёҡиӮЎд»Ҫжңүйҷҗе…¬еҸё', 'еӣҪиҚҜеҮҶеӯ—H51021058', 1, '2026-05-24 16:30:46', '2026-05-24 16:30:46', 0);
INSERT INTO `drug_info` VALUES (13, 'YP013', 'зәўйңүзҙ иҪҜиҶҸ', 'еӨ–з”ЁиҚҜ', '10g/ж”Ҝ', 'ж”Ҝ', 3.80, 2.20, 20, 150, 36, 1, 'й©¬йһҚеұұдё°еҺҹеҲ¶иҚҜжңүйҷҗе…¬еҸё', 'еӣҪиҚҜеҮҶеӯ—H34020497', 1, '2026-05-24 16:30:46', '2026-05-24 16:52:07', 0);
INSERT INTO `drug_info` VALUES (14, 'YP014', 'ејҖеЎһйңІ', 'еӨ–з”ЁиҚҜ', '20ml/ж”Ҝ', 'ж”Ҝ', 2.00, 1.10, 30, 300, 24, 2, 'дёҠжө·иҝҗдҪій»„жөҰеҲ¶иҚҜжңүйҷҗе…¬еҸё', 'еӣҪиҚҜеҮҶеӯ—H31020583', 1, '2026-05-24 16:30:46', '2026-05-24 16:30:46', 0);
INSERT INTO `drug_info` VALUES (15, 'YP015', 'дә‘еҚ—зҷҪиҚҜ', 'еӨ–з”ЁиҚҜ', '4g/з“¶', 'з“¶', 28.00, 19.50, 25, 100, 48, 4, 'дә‘еҚ—зҷҪиҚҜйӣҶеӣўиӮЎд»Ҫжңүйҷҗе…¬еҸё', 'еӣҪиҚҜеҮҶеӯ—Z53020798', 1, '2026-05-24 16:30:46', '2026-05-24 16:52:07', 0);

-- ----------------------------
-- Table structure for drug_lock
-- ----------------------------
DROP TABLE IF EXISTS `drug_lock`;
CREATE TABLE `drug_lock`  (
  `lock_id` bigint(0) NOT NULL AUTO_INCREMENT COMMENT 'й”Ғе®ҡ ID',
  `lock_no` varchar(50) CHARACTER SET utf8mb4 COLLATE utf8mb4_0900_ai_ci NOT NULL COMMENT 'й”Ғе®ҡеҚ•еҸ·',
  `drug_id` bigint(0) NOT NULL COMMENT 'иҚҜе“Ғ ID',
  `warehouse_id` bigint(0) NOT NULL COMMENT 'д»“еә“ ID',
  `batch_no` varchar(50) CHARACTER SET utf8mb4 COLLATE utf8mb4_0900_ai_ci NULL DEFAULT NULL COMMENT 'жү№ж¬ЎеҸ·',
  `lock_num` int(0) NOT NULL DEFAULT 0 COMMENT 'й”Ғе®ҡж•°йҮҸ',
  `unlock_num` int(0) NOT NULL DEFAULT 0 COMMENT 'е·Іи§Јй”Ғж•°йҮҸ',
  `lock_reason` varchar(500) CHARACTER SET utf8mb4 COLLATE utf8mb4_0900_ai_ci NULL DEFAULT NULL COMMENT 'й”Ғе®ҡеҺҹеӣ ',
  `lock_user_id` bigint(0) NULL DEFAULT NULL COMMENT 'й”Ғе®ҡдәә ID',
  `lock_time` datetime(0) NULL DEFAULT CURRENT_TIMESTAMP COMMENT 'й”Ғе®ҡж—¶й—ҙ',
  `unlock_user_id` bigint(0) NULL DEFAULT NULL COMMENT 'и§Јй”Ғдәә ID',
  `unlock_time` datetime(0) NULL DEFAULT NULL COMMENT 'и§Јй”Ғж—¶й—ҙ',
  `status` int(0) NULL DEFAULT 0 COMMENT 'зҠ¶жҖҒпјҲ0 й”Ғе®ҡдёӯ/1 е·Іи§Јй”Ғ/2 е·ІеҸ–ж¶Ҳпјү',
  `remark` varchar(500) CHARACTER SET utf8mb4 COLLATE utf8mb4_0900_ai_ci NULL DEFAULT NULL COMMENT 'еӨҮжіЁ',
  `create_time` datetime(0) NULL DEFAULT CURRENT_TIMESTAMP COMMENT 'еҲӣе»әж—¶й—ҙ',
  `update_time` datetime(0) NULL DEFAULT CURRENT_TIMESTAMP ON UPDATE CURRENT_TIMESTAMP(0) COMMENT 'жӣҙж–°ж—¶й—ҙ',
  `is_deleted` tinyint(1) NOT NULL DEFAULT 0 COMMENT 'жҳҜеҗҰеҲ йҷӨпјҲ0жңӘеҲ йҷӨ/1е·ІеҲ йҷӨпјү',
  PRIMARY KEY (`lock_id`) USING BTREE,
  UNIQUE INDEX `lock_no`(`lock_no`) USING BTREE,
  INDEX `idx_drug_id`(`drug_id`) USING BTREE,
  INDEX `idx_warehouse_id`(`warehouse_id`) USING BTREE
) ENGINE = InnoDB AUTO_INCREMENT = 14 CHARACTER SET = utf8mb4 COLLATE = utf8mb4_0900_ai_ci COMMENT = 'иҚҜе“Ғй”Ғе®ҡи®°еҪ•иЎЁ' ROW_FORMAT = Dynamic;

-- ----------------------------
-- Records of drug_lock
-- ----------------------------
INSERT INTO `drug_lock` VALUES (1, 'SD20260524164720', 15, 2, 'PC20260511005', 5, 0, 'еӨҮз”Ё', 1, '2026-05-24 16:47:21', NULL, NULL, 0, NULL, '2026-05-24 16:47:20', '2026-05-24 16:47:20', 0);

-- ----------------------------
-- Table structure for drug_out
-- ----------------------------
DROP TABLE IF EXISTS `drug_out`;
CREATE TABLE `drug_out`  (
  `out_id` bigint(0) NOT NULL AUTO_INCREMENT COMMENT 'еҮәеә“ ID',
  `out_no` varchar(50) CHARACTER SET utf8mb4 COLLATE utf8mb4_0900_ai_ci NOT NULL COMMENT 'еҮәеә“еҚ•еҸ·',
  `drug_id` bigint(0) NOT NULL COMMENT 'иҚҜе“Ғ ID',
  `warehouse_id` bigint(0) NOT NULL COMMENT 'д»“еә“ ID',
  `batch_no` varchar(50) CHARACTER SET utf8mb4 COLLATE utf8mb4_0900_ai_ci NULL DEFAULT NULL COMMENT 'жү№еҸ·',
  `quantity` int(0) NOT NULL COMMENT 'еҮәеә“ж•°йҮҸ',
  `sale_price` decimal(10, 2) NOT NULL COMMENT 'еҮәеә“еҚ•д»·',
  `out_type` varchar(20) CHARACTER SET utf8mb4 COLLATE utf8mb4_0900_ai_ci NULL DEFAULT NULL COMMENT 'еҮәеә“зұ»еһӢпјҲйўҶз”Ё/й”Җе”®/жҠҘжҚҹпјү',
  `relate_no` varchar(50) CHARACTER SET utf8mb4 COLLATE utf8mb4_0900_ai_ci NULL DEFAULT NULL COMMENT 'е…іиҒ”еҚ•еҸ·',
  `out_date` datetime(0) NULL DEFAULT CURRENT_TIMESTAMP COMMENT 'еҮәеә“ж—¶й—ҙ',
  `create_user_id` bigint(0) NULL DEFAULT NULL COMMENT 'ж“ҚдҪңдәә ID',
  `remark` varchar(500) CHARACTER SET utf8mb4 COLLATE utf8mb4_0900_ai_ci NULL DEFAULT NULL COMMENT 'еӨҮжіЁ',
  `create_time` datetime(0) NULL DEFAULT CURRENT_TIMESTAMP COMMENT 'еҲӣе»әж—¶й—ҙ',
  `is_deleted` tinyint(1) NOT NULL DEFAULT 0 COMMENT 'жҳҜеҗҰеҲ йҷӨпјҲ0жңӘеҲ йҷӨ/1е·ІеҲ йҷӨпјү',
  PRIMARY KEY (`out_id`) USING BTREE,
  UNIQUE INDEX `out_no`(`out_no`) USING BTREE,
  INDEX `idx_drug_id`(`drug_id`) USING BTREE,
  INDEX `idx_warehouse_id`(`warehouse_id`) USING BTREE
) ENGINE = InnoDB AUTO_INCREMENT = 8 CHARACTER SET = utf8mb4 COLLATE = utf8mb4_0900_ai_ci COMMENT = 'иҚҜе“ҒеҮәеә“иЎЁ' ROW_FORMAT = Dynamic;

-- ----------------------------
-- Records of drug_out
-- ----------------------------
INSERT INTO `drug_out` VALUES (1, 'CK20260512001', 1, 1, 'PC20260511001', 20, 12.50, 'з§‘е®ӨйўҶз”Ё', 'LY20260512001', '2026-05-12 09:00:00', 4, 'еҶ…з§‘й—ЁиҜҠйўҶз”Ё', '2026-05-24 16:30:46', 0);
INSERT INTO `drug_out` VALUES (2, 'CK20260514001', 11, 1, 'PC20260420001', 50, 2.80, 'з§‘е®ӨйўҶз”Ё', 'LY20260514001', '2026-05-14 10:00:00', 4, 'иҫ“ж¶Іе®ӨйўҶз”Ё', '2026-05-24 16:30:46', 0);
INSERT INTO `drug_out` VALUES (3, 'CK20260515001', 3, 1, 'PC20260513001', 30, 6.80, 'з§‘е®ӨйўҶз”Ё', 'LY20260515001', '2026-05-15 11:00:00', 4, 'еҸ‘зғӯй—ЁиҜҠйўҶз”Ё', '2026-05-24 16:30:46', 0);
INSERT INTO `drug_out` VALUES (4, 'CK20260516001', 12, 1, 'PC20260420002', 20, 2.50, 'з§‘е®ӨйўҶз”Ё', 'LY20260516001', '2026-05-16 14:00:00', 4, 'жҖҘиҜҠз§‘йўҶз”Ё', '2026-05-24 16:30:46', 0);
INSERT INTO `drug_out` VALUES (5, 'CK20260518001', 6, 1, 'PC20260401001', 10, 15.80, 'з§‘е®ӨйўҶз”Ё', 'LY20260518001', '2026-05-18 09:30:00', 4, 'ж¶ҲеҢ–еҶ…з§‘йўҶз”Ё', '2026-05-24 16:30:46', 0);

-- ----------------------------
-- Table structure for drug_stock
-- ----------------------------
DROP TABLE IF EXISTS `drug_stock`;
CREATE TABLE `drug_stock`  (
  `stock_id` bigint(0) NOT NULL AUTO_INCREMENT COMMENT 'еә“еӯҳ ID',
  `drug_id` bigint(0) NOT NULL COMMENT 'иҚҜе“Ғ ID',
  `warehouse_id` bigint(0) NOT NULL COMMENT 'д»“еә“ ID',
  `batch_no` varchar(50) CHARACTER SET utf8mb4 COLLATE utf8mb4_0900_ai_ci NULL DEFAULT NULL COMMENT 'жү№еҸ·',
  `quantity` int(0) NOT NULL DEFAULT 0 COMMENT 'еә“еӯҳж•°йҮҸ',
  `lock_num` int(0) NOT NULL DEFAULT 0 COMMENT 'й”Ғе®ҡж•°йҮҸ',
  `production_date` date NULL DEFAULT NULL COMMENT 'з”ҹдә§ж—Ҙжңҹ',
  `expiry_date` date NULL DEFAULT NULL COMMENT 'жңүж•Ҳжңҹ',
  `create_time` datetime(0) NULL DEFAULT CURRENT_TIMESTAMP COMMENT 'еҲӣе»әж—¶й—ҙ',
  `update_time` datetime(0) NULL DEFAULT CURRENT_TIMESTAMP ON UPDATE CURRENT_TIMESTAMP(0) COMMENT 'жӣҙж–°ж—¶й—ҙ',
  PRIMARY KEY (`stock_id`) USING BTREE,
  UNIQUE INDEX `uk_drug_warehouse_batch`(`drug_id`, `warehouse_id`, `batch_no`) USING BTREE,
  INDEX `idx_drug_id`(`drug_id`) USING BTREE,
  INDEX `idx_warehouse_id`(`warehouse_id`) USING BTREE
) ENGINE = InnoDB AUTO_INCREMENT = 25 CHARACTER SET = utf8mb4 COLLATE = utf8mb4_0900_ai_ci COMMENT = 'иҚҜе“Ғеә“еӯҳиЎЁ' ROW_FORMAT = Dynamic;

-- ----------------------------
-- Records of drug_stock
-- ----------------------------
INSERT INTO `drug_stock` VALUES (1, 1, 1, 'PC20260511001', 80, 0, '2026-03-15', '2028-03-15', '2026-05-24 16:30:46', '2026-05-24 16:30:46');
INSERT INTO `drug_stock` VALUES (2, 2, 1, 'PC20260511002', 58, 0, '2026-04-01', '2028-04-01', '2026-05-24 16:30:46', '2026-05-24 16:30:46');
INSERT INTO `drug_stock` VALUES (3, 5, 1, 'PC20260511003', 50, 0, '2026-02-20', '2028-02-20', '2026-05-24 16:30:46', '2026-05-24 16:30:46');
INSERT INTO `drug_stock` VALUES (4, 3, 1, 'PC20260513001', 120, 0, '2026-04-10', '2029-04-10', '2026-05-24 16:30:46', '2026-05-24 16:30:46');
INSERT INTO `drug_stock` VALUES (5, 13, 2, 'PC20260511004', 200, 0, '2026-05-01', '2029-05-01', '2026-05-24 16:30:46', '2026-05-24 16:30:46');
INSERT INTO `drug_stock` VALUES (6, 15, 2, 'PC20260511005', 20, 5, '2026-01-10', '2030-01-10', '2026-05-24 16:30:46', '2026-05-24 16:47:21');
INSERT INTO `drug_stock` VALUES (7, 4, 2, 'PC20260513002', 180, 0, '2026-04-15', '2029-04-15', '2026-05-24 16:30:46', '2026-05-24 16:30:46');
INSERT INTO `drug_stock` VALUES (8, 9, 2, 'PC20260513003', 80, 0, '2026-03-20', '2029-03-20', '2026-05-24 16:30:46', '2026-05-24 16:30:46');
INSERT INTO `drug_stock` VALUES (9, 6, 1, 'PC20260401001', 30, 0, '2026-01-15', '2028-01-15', '2026-05-24 16:30:46', '2026-05-24 16:30:46');
INSERT INTO `drug_stock` VALUES (10, 7, 1, 'PC20260405001', 24, 0, '2026-02-01', '2029-02-01', '2026-05-24 16:30:46', '2026-05-24 16:30:46');
INSERT INTO `drug_stock` VALUES (11, 8, 2, 'PC20260410001', 15, 0, '2026-03-01', '2029-03-01', '2026-05-24 16:30:46', '2026-05-24 16:30:46');
INSERT INTO `drug_stock` VALUES (12, 10, 2, 'PC20260315001', 50, 0, '2026-01-20', '2029-01-20', '2026-05-24 16:30:46', '2026-05-24 16:30:46');
INSERT INTO `drug_stock` VALUES (13, 11, 1, 'PC20260420001', 200, 0, '2026-04-01', '2028-04-01', '2026-05-24 16:30:46', '2026-05-24 16:30:46');
INSERT INTO `drug_stock` VALUES (14, 12, 1, 'PC20260420002', 178, 0, '2026-04-05', '2028-04-05', '2026-05-24 16:30:46', '2026-05-24 16:30:46');
INSERT INTO `drug_stock` VALUES (15, 14, 2, 'PC20260425001', 100, 0, '2026-03-10', '2028-03-10', '2026-05-24 16:30:46', '2026-05-24 16:30:46');
INSERT INTO `drug_stock` VALUES (16, 1, 2, 'PC20260401002', 10, 0, '2026-01-20', '2028-01-20', '2026-05-24 16:30:46', '2026-05-24 16:30:46');
INSERT INTO `drug_stock` VALUES (17, 11, 3, 'PC20260501001', 60, 0, '2026-04-15', '2028-04-15', '2026-05-24 16:30:46', '2026-05-24 16:30:46');
INSERT INTO `drug_stock` VALUES (18, 12, 3, 'PC20260501002', 50, 0, '2026-04-20', '2028-04-20', '2026-05-24 16:30:46', '2026-05-24 16:30:46');
INSERT INTO `drug_stock` VALUES (19, 3, 3, 'PC20260505001', 30, 0, '2026-04-25', '2029-04-25', '2026-05-24 16:30:46', '2026-05-24 16:30:46');
INSERT INTO `drug_stock` VALUES (20, 6, 3, 'PC20260505002', 20, 0, '2026-04-10', '2028-04-10', '2026-05-24 16:30:46', '2026-05-24 16:30:46');
INSERT INTO `drug_stock` VALUES (21, 1, 1, 'PC20250101001', 10, 0, '2024-01-15', '2026-07-23', '2026-05-24 16:52:07', '2026-05-24 17:10:47');
INSERT INTO `drug_stock` VALUES (22, 3, 1, 'PC20240601001', 8, 8, '2024-06-01', '2026-05-20', '2026-05-24 16:52:07', '2026-05-24 16:52:07');
INSERT INTO `drug_stock` VALUES (23, 6, 3, 'PC20240615001', 10, 0, '2024-06-15', '2026-07-08', '2026-05-24 16:52:07', '2026-05-24 16:52:07');
INSERT INTO `drug_stock` VALUES (24, 9, 2, 'PC20240301001', 12, 0, '2024-03-01', '2026-06-18', '2026-05-24 16:52:07', '2026-05-24 16:52:07');

-- ----------------------------
-- Table structure for purchase_order
-- ----------------------------
DROP TABLE IF EXISTS `purchase_order`;
CREATE TABLE `purchase_order`  (
  `order_id` bigint(0) NOT NULL AUTO_INCREMENT COMMENT 'и®ўеҚ• ID',
  `order_no` varchar(50) CHARACTER SET utf8mb4 COLLATE utf8mb4_0900_ai_ci NOT NULL COMMENT 'и®ўеҚ•зј–еҸ·',
  `supplier_id` bigint(0) NULL DEFAULT NULL COMMENT 'дҫӣеә”е•Ҷ ID',
  `order_date` datetime(0) NULL DEFAULT NULL COMMENT 'и®ўеҚ•ж—Ҙжңҹ',
  `total_amount` decimal(12, 2) NULL DEFAULT NULL COMMENT 'и®ўеҚ•жҖ»йҮ‘йўқ',
  `status` int(0) NULL DEFAULT 0 COMMENT 'зҠ¶жҖҒпјҲ0 еҫ…е®Ўж ё/1 е·Іе®Ўж ё/2 е·Іе…Ҙеә“/3 е·ІеҸ–ж¶Ҳпјү',
  `remark` varchar(500) CHARACTER SET utf8mb4 COLLATE utf8mb4_0900_ai_ci NULL DEFAULT NULL COMMENT 'еӨҮжіЁ',
  `create_user_id` bigint(0) NULL DEFAULT NULL COMMENT 'еҲӣе»әдәә ID',
  `create_time` datetime(0) NULL DEFAULT CURRENT_TIMESTAMP COMMENT 'еҲӣе»әж—¶й—ҙ',
  `update_time` datetime(0) NULL DEFAULT CURRENT_TIMESTAMP ON UPDATE CURRENT_TIMESTAMP(0) COMMENT 'жӣҙж–°ж—¶й—ҙ',
  `is_deleted` tinyint(1) NOT NULL DEFAULT 0 COMMENT 'жҳҜеҗҰеҲ йҷӨпјҲ0жңӘеҲ йҷӨ/1е·ІеҲ йҷӨпјү',
  PRIMARY KEY (`order_id`) USING BTREE,
  UNIQUE INDEX `order_no`(`order_no`) USING BTREE,
  INDEX `idx_supplier_id`(`supplier_id`) USING BTREE
) ENGINE = InnoDB AUTO_INCREMENT = 6 CHARACTER SET = utf8mb4 COLLATE = utf8mb4_0900_ai_ci COMMENT = 'йҮҮиҙӯи®ўеҚ•иЎЁ' ROW_FORMAT = Dynamic;

-- ----------------------------
-- Records of purchase_order
-- ----------------------------
INSERT INTO `purchase_order` VALUES (1, 'CG20260510001', 1, '2026-05-10 09:30:00', 3520.00, 2, '5жңҲд»ҪжҠ—з”ҹзҙ зұ»иҚҜе“Ғеёёи§„йҮҮиҙӯ', 3, '2026-05-24 16:30:46', '2026-05-24 16:30:46', 0);
INSERT INTO `purchase_order` VALUES (2, 'CG20260512001', 2, '2026-05-12 10:15:00', 1860.00, 2, 'и§Јзғӯй•Үз—ӣзұ»иҚҜе“ҒиЎҘиҙ§', 3, '2026-05-24 16:30:46', '2026-05-24 16:30:46', 0);
INSERT INTO `purchase_order` VALUES (3, 'CG20260515001', 3, '2026-05-15 14:00:00', 4280.00, 1, 'ж¶ҲеҢ–зі»з»ҹиҚҜе“ҒйҮҮиҙӯпјҢеҫ…е®Ўж ё', 3, '2026-05-24 16:30:46', '2026-05-24 16:30:46', 0);
INSERT INTO `purchase_order` VALUES (4, 'CG20260518001', 4, '2026-05-18 11:20:00', 1560.00, 0, 'еӨ–з”ЁиҚҜе“ҒйҮҮиҙӯз”іиҜ·', 3, '2026-05-24 16:30:46', '2026-05-24 16:30:46', 0);
INSERT INTO `purchase_order` VALUES (5, 'CG20260520001', 5, '2026-05-20 16:45:00', 980.00, 3, 'з»ҙз”ҹзҙ зұ»йҮҮиҙӯпјҢе·Ій©іеӣһ-дҫӣеә”е•Ҷзјәиҙ§', 3, '2026-05-24 16:30:46', '2026-05-24 16:30:46', 0);

-- ----------------------------
-- Table structure for purchase_order_item
-- ----------------------------
DROP TABLE IF EXISTS `purchase_order_item`;
CREATE TABLE `purchase_order_item`  (
  `item_id` bigint(0) NOT NULL AUTO_INCREMENT COMMENT 'жҳҺз»Ҷ ID',
  `order_id` bigint(0) NOT NULL COMMENT 'и®ўеҚ• ID',
  `drug_id` bigint(0) NOT NULL COMMENT 'иҚҜе“Ғ ID',
  `purchase_num` int(0) NOT NULL COMMENT 'йҮҮиҙӯж•°йҮҸ',
  `purchase_price` decimal(10, 2) NOT NULL COMMENT 'йҮҮиҙӯеҚ•д»·',
  `amount` decimal(12, 2) NOT NULL COMMENT 'е°Ҹи®ЎйҮ‘йўқ',
  `create_time` datetime(0) NULL DEFAULT CURRENT_TIMESTAMP COMMENT 'еҲӣе»әж—¶й—ҙ',
  PRIMARY KEY (`item_id`) USING BTREE,
  INDEX `idx_order_id`(`order_id`) USING BTREE,
  INDEX `idx_drug_id`(`drug_id`) USING BTREE
) ENGINE = InnoDB AUTO_INCREMENT = 24 CHARACTER SET = utf8mb4 COLLATE = utf8mb4_0900_ai_ci COMMENT = 'йҮҮиҙӯи®ўеҚ•жҳҺз»ҶиЎЁ' ROW_FORMAT = Dynamic;

-- ----------------------------
-- Records of purchase_order_item
-- ----------------------------
INSERT INTO `purchase_order_item` VALUES (1, 1, 1, 100, 8.80, 880.00, '2026-05-24 16:30:46');
INSERT INTO `purchase_order_item` VALUES (2, 1, 2, 80, 12.50, 1000.00, '2026-05-24 16:30:46');
INSERT INTO `purchase_order_item` VALUES (3, 1, 5, 50, 15.60, 780.00, '2026-05-24 16:30:46');
INSERT INTO `purchase_order_item` VALUES (4, 1, 13, 200, 2.20, 440.00, '2026-05-24 16:30:46');
INSERT INTO `purchase_order_item` VALUES (5, 1, 15, 20, 19.50, 390.00, '2026-05-24 16:30:46');
INSERT INTO `purchase_order_item` VALUES (6, 2, 3, 150, 4.20, 630.00, '2026-05-24 16:30:46');
INSERT INTO `purchase_order_item` VALUES (7, 2, 4, 200, 2.10, 420.00, '2026-05-24 16:30:46');
INSERT INTO `purchase_order_item` VALUES (8, 2, 9, 100, 3.20, 320.00, '2026-05-24 16:30:46');
INSERT INTO `purchase_order_item` VALUES (9, 2, 14, 150, 1.10, 165.00, '2026-05-24 16:30:46');
INSERT INTO `purchase_order_item` VALUES (10, 2, 8, 30, 11.00, 330.00, '2026-05-24 16:30:46');
INSERT INTO `purchase_order_item` VALUES (11, 3, 6, 100, 10.20, 1020.00, '2026-05-24 16:30:46');
INSERT INTO `purchase_order_item` VALUES (12, 3, 7, 80, 13.80, 1104.00, '2026-05-24 16:30:46');
INSERT INTO `purchase_order_item` VALUES (13, 3, 8, 60, 11.00, 660.00, '2026-05-24 16:30:46');
INSERT INTO `purchase_order_item` VALUES (14, 3, 1, 100, 8.80, 880.00, '2026-05-24 16:30:46');
INSERT INTO `purchase_order_item` VALUES (15, 3, 11, 200, 1.60, 320.00, '2026-05-24 16:30:46');
INSERT INTO `purchase_order_item` VALUES (16, 3, 12, 200, 1.40, 280.00, '2026-05-24 16:30:46');
INSERT INTO `purchase_order_item` VALUES (17, 4, 13, 200, 2.20, 440.00, '2026-05-24 16:30:46');
INSERT INTO `purchase_order_item` VALUES (18, 4, 14, 300, 1.10, 330.00, '2026-05-24 16:30:46');
INSERT INTO `purchase_order_item` VALUES (19, 4, 15, 30, 19.50, 585.00, '2026-05-24 16:30:46');
INSERT INTO `purchase_order_item` VALUES (20, 4, 9, 60, 3.20, 192.00, '2026-05-24 16:30:46');
INSERT INTO `purchase_order_item` VALUES (21, 5, 10, 200, 2.50, 500.00, '2026-05-24 16:30:46');
INSERT INTO `purchase_order_item` VALUES (22, 5, 11, 150, 1.60, 240.00, '2026-05-24 16:30:46');
INSERT INTO `purchase_order_item` VALUES (23, 5, 12, 150, 1.40, 210.00, '2026-05-24 16:30:46');

-- ----------------------------
-- Table structure for stock_check
-- ----------------------------
DROP TABLE IF EXISTS `stock_check`;
CREATE TABLE `stock_check`  (
  `check_id` bigint(0) NOT NULL AUTO_INCREMENT COMMENT 'зӣҳзӮ№ ID',
  `check_no` varchar(50) CHARACTER SET utf8mb4 COLLATE utf8mb4_0900_ai_ci NOT NULL COMMENT 'зӣҳзӮ№еҚ•еҸ·',
  `warehouse_id` bigint(0) NOT NULL COMMENT 'д»“еә“ ID',
  `check_time` datetime(0) NULL DEFAULT NULL COMMENT 'зӣҳзӮ№ж—Ҙжңҹ',
  `status` int(0) NULL DEFAULT 0 COMMENT 'зҠ¶жҖҒпјҲ0 зӣҳзӮ№дёӯ/1 е·Іе®ҢжҲҗ/2 е·ІеҸ–ж¶Ҳпјү',
  `remark` varchar(500) CHARACTER SET utf8mb4 COLLATE utf8mb4_0900_ai_ci NULL DEFAULT NULL COMMENT 'еӨҮжіЁ',
  `check_user_id` bigint(0) NULL DEFAULT NULL COMMENT 'зӣҳзӮ№дәәID',
  `create_time` datetime(0) NULL DEFAULT CURRENT_TIMESTAMP COMMENT 'еҲӣе»әж—¶й—ҙ',
  `update_time` datetime(0) NULL DEFAULT CURRENT_TIMESTAMP ON UPDATE CURRENT_TIMESTAMP(0) COMMENT 'жӣҙж–°ж—¶й—ҙ',
  PRIMARY KEY (`check_id`) USING BTREE,
  UNIQUE INDEX `check_no`(`check_no`) USING BTREE,
  INDEX `idx_warehouse_id`(`warehouse_id`) USING BTREE
) ENGINE = InnoDB AUTO_INCREMENT = 6 CHARACTER SET = utf8mb4 COLLATE = utf8mb4_0900_ai_ci COMMENT = 'еә“еӯҳзӣҳзӮ№иЎЁ' ROW_FORMAT = Dynamic;

-- ----------------------------
-- Records of stock_check
-- ----------------------------
INSERT INTO `stock_check` VALUES (2, 'PD20260522001', 2, '2026-05-22 14:00:00', 1, 'й—ЁиҜҠиҚҜжҲҝ5жңҲд»ҪдҫӢиЎҢзӣҳзӮ№', 4, '2026-05-24 16:30:46', '2026-05-24 16:30:46');
INSERT INTO `stock_check` VALUES (3, 'PD20260524170445', 1, '2026-05-24 17:04:46', 1, '5.1', 1, '2026-05-24 17:04:45', '2026-05-24 17:04:45');
INSERT INTO `stock_check` VALUES (4, 'PD20260524171037', 1, '2026-05-24 17:10:38', 1, '5.2', 1, '2026-05-24 17:10:37', '2026-05-24 17:10:37');
INSERT INTO `stock_check` VALUES (5, 'PD20260525004332', 1, '2026-05-25 00:43:32', 0, '', 1, '2026-05-25 00:43:32', '2026-05-25 00:43:32');

-- ----------------------------
-- Table structure for stock_check_item
-- ----------------------------
DROP TABLE IF EXISTS `stock_check_item`;
CREATE TABLE `stock_check_item`  (
  `item_id` bigint(0) NOT NULL AUTO_INCREMENT COMMENT 'жҳҺз»Ҷ ID',
  `check_id` bigint(0) NOT NULL COMMENT 'зӣҳзӮ№ ID',
  `drug_id` bigint(0) NOT NULL COMMENT 'иҚҜе“Ғ ID',
  `batch_no` varchar(50) CHARACTER SET utf8mb4 COLLATE utf8mb4_0900_ai_ci NULL DEFAULT NULL COMMENT 'жү№еҸ·',
  `system_num` int(0) NULL DEFAULT NULL COMMENT 'зі»з»ҹж•°йҮҸ',
  `actual_num` int(0) NULL DEFAULT NULL COMMENT 'е®һйҷ…ж•°йҮҸ',
  `diff_num` int(0) NULL DEFAULT NULL COMMENT 'е·®ејӮж•°йҮҸ',
  `handle_way` varchar(100) CHARACTER SET utf8mb4 COLLATE utf8mb4_0900_ai_ci NULL DEFAULT NULL COMMENT 'еӨ„зҗҶж–№ејҸ',
  `handle_remark` varchar(500) CHARACTER SET utf8mb4 COLLATE utf8mb4_0900_ai_ci NULL DEFAULT NULL COMMENT 'еӨ„зҗҶеӨҮжіЁ',
  `remark` varchar(500) CHARACTER SET utf8mb4 COLLATE utf8mb4_0900_ai_ci NULL DEFAULT NULL COMMENT 'еӨҮжіЁ',
  PRIMARY KEY (`item_id`) USING BTREE,
  INDEX `idx_check_id`(`check_id`) USING BTREE,
  INDEX `idx_drug_id`(`drug_id`) USING BTREE
) ENGINE = InnoDB AUTO_INCREMENT = 47 CHARACTER SET = utf8mb4 COLLATE = utf8mb4_0900_ai_ci COMMENT = 'еә“еӯҳзӣҳзӮ№жҳҺз»ҶиЎЁ' ROW_FORMAT = Dynamic;

-- ----------------------------
-- Records of stock_check_item
-- ----------------------------
INSERT INTO `stock_check_item` VALUES (9, 2, 13, 'PC20260511004', 200, NULL, NULL, NULL, NULL, NULL);
INSERT INTO `stock_check_item` VALUES (10, 2, 15, 'PC20260511005', 20, NULL, NULL, NULL, NULL, NULL);
INSERT INTO `stock_check_item` VALUES (11, 2, 4, 'PC20260513002', 180, NULL, NULL, NULL, NULL, NULL);
INSERT INTO `stock_check_item` VALUES (12, 2, 9, 'PC20260513003', 80, NULL, NULL, NULL, NULL, NULL);
INSERT INTO `stock_check_item` VALUES (13, 2, 8, 'PC20260410001', 15, NULL, NULL, NULL, NULL, NULL);
INSERT INTO `stock_check_item` VALUES (14, 2, 10, 'PC20260315001', 50, NULL, NULL, NULL, NULL, NULL);
INSERT INTO `stock_check_item` VALUES (15, 2, 14, 'PC20260425001', 100, NULL, NULL, NULL, NULL, NULL);
INSERT INTO `stock_check_item` VALUES (16, 2, 1, 'PC20260401002', 10, NULL, NULL, NULL, NULL, NULL);
INSERT INTO `stock_check_item` VALUES (17, 3, 1, NULL, 80, 81, 1, 'еҫ…еӨ„зҗҶ', '', NULL);
INSERT INTO `stock_check_item` VALUES (18, 3, 2, NULL, 58, 58, 0, '', '', NULL);
INSERT INTO `stock_check_item` VALUES (19, 3, 5, NULL, 50, 50, 0, '', '', NULL);
INSERT INTO `stock_check_item` VALUES (20, 3, 3, NULL, 120, 120, 0, '', '', NULL);
INSERT INTO `stock_check_item` VALUES (21, 3, 6, NULL, 30, 29, -1, 'жҠҘжҚҹ', '', NULL);
INSERT INTO `stock_check_item` VALUES (22, 3, 7, NULL, 24, 24, 0, '', '', NULL);
INSERT INTO `stock_check_item` VALUES (23, 3, 11, NULL, 200, 199, -1, 'жҠҘжҚҹ', '', NULL);
INSERT INTO `stock_check_item` VALUES (24, 3, 12, NULL, 178, 178, 0, '', '', NULL);
INSERT INTO `stock_check_item` VALUES (25, 3, 1, NULL, 15, 13, -2, 'жҠҘжҚҹ', '', NULL);
INSERT INTO `stock_check_item` VALUES (26, 3, 3, NULL, 8, 8, 0, '', '', NULL);
INSERT INTO `stock_check_item` VALUES (27, 4, 1, NULL, 80, 80, 0, '', '', NULL);
INSERT INTO `stock_check_item` VALUES (28, 4, 2, NULL, 58, 58, 0, '', '', NULL);
INSERT INTO `stock_check_item` VALUES (29, 4, 5, NULL, 50, 50, 0, '', '', NULL);
INSERT INTO `stock_check_item` VALUES (30, 4, 3, NULL, 120, 120, 0, '', '', NULL);
INSERT INTO `stock_check_item` VALUES (31, 4, 6, NULL, 30, 30, 0, '', '', NULL);
INSERT INTO `stock_check_item` VALUES (32, 4, 7, NULL, 24, 24, 0, '', '', NULL);
INSERT INTO `stock_check_item` VALUES (33, 4, 11, NULL, 200, 200, 0, '', '', NULL);
INSERT INTO `stock_check_item` VALUES (34, 4, 12, NULL, 178, 178, 0, '', '', NULL);
INSERT INTO `stock_check_item` VALUES (35, 4, 1, NULL, 15, 10, -5, 'жҠҘжҚҹ', '', NULL);
INSERT INTO `stock_check_item` VALUES (36, 4, 3, NULL, 8, 8, 0, '', '', NULL);
INSERT INTO `stock_check_item` VALUES (37, 5, 1, NULL, 80, 80, 0, NULL, NULL, NULL);
INSERT INTO `stock_check_item` VALUES (38, 5, 2, NULL, 58, 58, 0, NULL, NULL, NULL);
INSERT INTO `stock_check_item` VALUES (39, 5, 5, NULL, 50, 50, 0, NULL, NULL, NULL);
INSERT INTO `stock_check_item` VALUES (40, 5, 3, NULL, 120, 120, 0, NULL, NULL, NULL);
INSERT INTO `stock_check_item` VALUES (41, 5, 6, NULL, 30, 30, 0, NULL, NULL, NULL);
INSERT INTO `stock_check_item` VALUES (42, 5, 7, NULL, 24, 24, 0, NULL, NULL, NULL);
INSERT INTO `stock_check_item` VALUES (43, 5, 11, NULL, 200, 200, 0, NULL, NULL, NULL);
INSERT INTO `stock_check_item` VALUES (44, 5, 12, NULL, 178, 178, 0, NULL, NULL, NULL);
INSERT INTO `stock_check_item` VALUES (45, 5, 1, NULL, 10, 10, 0, NULL, NULL, NULL);
INSERT INTO `stock_check_item` VALUES (46, 5, 3, NULL, 8, 8, 0, NULL, NULL, NULL);

-- ----------------------------
-- Table structure for stock_warning
-- ----------------------------
DROP TABLE IF EXISTS `stock_warning`;
CREATE TABLE `stock_warning`  (
  `warning_id` bigint(0) NOT NULL AUTO_INCREMENT COMMENT 'йў„иӯҰ ID',
  `warning_no` varchar(50) CHARACTER SET utf8mb4 COLLATE utf8mb4_0900_ai_ci NOT NULL COMMENT 'йў„иӯҰеҚ•еҸ·',
  `drug_id` bigint(0) NOT NULL COMMENT 'иҚҜе“Ғ ID',
  `warehouse_id` bigint(0) NOT NULL COMMENT 'д»“еә“ ID',
  `batch_no` varchar(50) CHARACTER SET utf8mb4 COLLATE utf8mb4_0900_ai_ci NULL DEFAULT NULL COMMENT 'жү№еҸ·',
  `stock_num` int(0) NOT NULL DEFAULT 0 COMMENT 'еҪ“еүҚеә“еӯҳ',
  `warning_type` int(0) NOT NULL DEFAULT 0 COMMENT 'йў„иӯҰзұ»еһӢпјҲ0 дҪҺдәҺжңҖдҪҺйў„иӯҰ/1 й«ҳдәҺжңҖй«ҳйў„иӯҰпјү',
  `warning_type_name` varchar(50) CHARACTER SET utf8mb4 COLLATE utf8mb4_0900_ai_ci NULL DEFAULT NULL COMMENT 'йў„иӯҰзұ»еһӢеҗҚз§°',
  `min_warning_num` int(0) NULL DEFAULT NULL COMMENT 'жңҖдҪҺйў„иӯҰеҖј',
  `max_warning_num` int(0) NULL DEFAULT NULL COMMENT 'жңҖй«ҳйў„иӯҰеҖј',
  `days_to_expiry` int(0) NULL DEFAULT NULL COMMENT 'и·қиҝҮжңҹеӨ©ж•°(дёҙжңҹйў„иӯҰз”Ё)',
  `warning_level` int(0) NULL DEFAULT 0 COMMENT 'йў„иӯҰзә§еҲ«пјҲ0 дёҖиҲ¬/1 йҮҚиҰҒ/2 зҙ§жҖҘпјү',
  `handle_status` int(0) NULL DEFAULT 0 COMMENT 'еӨ„зҗҶзҠ¶жҖҒпјҲ0 жңӘеӨ„зҗҶ/1 е·ІеӨ„зҗҶпјү',
  `handle_user_id` bigint(0) NULL DEFAULT NULL COMMENT 'еӨ„зҗҶдәә ID',
  `assign_user_id` bigint(0) NULL DEFAULT NULL COMMENT 'жҢҮжҙҫеӨ„зҗҶдәәID',
  `assign_time` datetime(0) NULL DEFAULT NULL COMMENT 'жҢҮжҙҫж—¶й—ҙ',
  `handle_time` datetime(0) NULL DEFAULT NULL COMMENT 'еӨ„зҗҶж—¶й—ҙ',
  `handle_remark` varchar(500) CHARACTER SET utf8mb4 COLLATE utf8mb4_0900_ai_ci NULL DEFAULT NULL COMMENT 'еӨ„зҗҶеӨҮжіЁ',
  `notify_status` int(0) NULL DEFAULT 0 COMMENT 'йҖҡзҹҘзҠ¶жҖҒ(0жңӘйҖҡзҹҘ/1е·ІйҖҡзҹҘ)',
  `notify_channels` varchar(200) CHARACTER SET utf8mb4 COLLATE utf8mb4_0900_ai_ci NULL DEFAULT NULL COMMENT 'йҖҡзҹҘжё йҒ“(йҖ—еҸ·еҲҶйҡ”: system,email,sms)',
  `notify_time` datetime(0) NULL DEFAULT NULL COMMENT 'йҖҡзҹҘж—¶й—ҙ',
  `suggestion` varchar(500) CHARACTER SET utf8mb4 COLLATE utf8mb4_0900_ai_ci NULL DEFAULT NULL COMMENT 'еӨ„зҗҶе»әи®®',
  `create_time` datetime(0) NULL DEFAULT CURRENT_TIMESTAMP COMMENT 'еҲӣе»әж—¶й—ҙ',
  `update_time` datetime(0) NULL DEFAULT CURRENT_TIMESTAMP ON UPDATE CURRENT_TIMESTAMP(0) COMMENT 'жӣҙж–°ж—¶й—ҙ',
  `is_deleted` tinyint(1) NOT NULL DEFAULT 0 COMMENT 'жҳҜеҗҰеҲ йҷӨпјҲ0жңӘеҲ йҷӨ/1е·ІеҲ йҷӨпјү',
  PRIMARY KEY (`warning_id`) USING BTREE,
  UNIQUE INDEX `warning_no`(`warning_no`) USING BTREE,
  INDEX `idx_drug_id`(`drug_id`) USING BTREE,
  INDEX `idx_warehouse_id`(`warehouse_id`) USING BTREE,
  INDEX `idx_handle_status`(`handle_status`) USING BTREE
) ENGINE = InnoDB AUTO_INCREMENT = 126 CHARACTER SET = utf8mb4 COLLATE = utf8mb4_0900_ai_ci COMMENT = 'еә“еӯҳйў„иӯҰи®°еҪ•иЎЁ' ROW_FORMAT = Dynamic;

-- ----------------------------
-- Records of stock_warning
-- ----------------------------
INSERT INTO `stock_warning` VALUES (125, 'YJ20260524192130', 7, 1, 24, 4, 'ж»һй”Җйў„иӯҰ', NULL, NULL, NULL, 0, 0, NULL, NULL, NULL, NULL, NULL, 0, NULL, NULL, 'е»әи®®иҜ„дј°жҳҜеҗҰз»§з»ӯйҮҮиҙӯиҜҘиҚҜе“ҒпјҢе·І90еӨ©ж— еҮәе…Ҙеә“и®°еҪ•', '2026-05-24 19:21:31', '2026-05-24 19:21:30', 0);

-- ----------------------------
-- Table structure for supplier_info
-- ----------------------------
DROP TABLE IF EXISTS `supplier_info`;
CREATE TABLE `supplier_info`  (
  `supplier_id` bigint(0) NOT NULL AUTO_INCREMENT COMMENT 'дҫӣеә”е•Ҷ ID',
  `supplier_code` varchar(50) CHARACTER SET utf8mb4 COLLATE utf8mb4_0900_ai_ci NOT NULL COMMENT 'дҫӣеә”е•Ҷзј–з Ғ',
  `supplier_name` varchar(100) CHARACTER SET utf8mb4 COLLATE utf8mb4_0900_ai_ci NOT NULL COMMENT 'дҫӣеә”е•ҶеҗҚз§°',
  `contact_person` varchar(50) CHARACTER SET utf8mb4 COLLATE utf8mb4_0900_ai_ci NULL DEFAULT NULL COMMENT 'иҒ”зі»дәә',
  `contact_phone` varchar(20) CHARACTER SET utf8mb4 COLLATE utf8mb4_0900_ai_ci NULL DEFAULT NULL COMMENT 'иҒ”зі»з”өиҜқ',
  `address` varchar(200) CHARACTER SET utf8mb4 COLLATE utf8mb4_0900_ai_ci NULL DEFAULT NULL COMMENT 'ең°еқҖ',
  `license_no` varchar(100) CHARACTER SET utf8mb4 COLLATE utf8mb4_0900_ai_ci NULL DEFAULT NULL COMMENT 'иҗҘдёҡжү§з…§еҸ·',
  `status` int(0) NULL DEFAULT 1 COMMENT 'зҠ¶жҖҒпјҲ0 еҒңз”Ё/1 еҗҜз”Ёпјү',
  `create_time` datetime(0) NULL DEFAULT CURRENT_TIMESTAMP COMMENT 'еҲӣе»әж—¶й—ҙ',
  `update_time` datetime(0) NULL DEFAULT CURRENT_TIMESTAMP ON UPDATE CURRENT_TIMESTAMP(0) COMMENT 'жӣҙж–°ж—¶й—ҙ',
  `is_deleted` tinyint(1) NOT NULL DEFAULT 0 COMMENT 'жҳҜеҗҰеҲ йҷӨпјҲ0жңӘеҲ йҷӨ/1е·ІеҲ йҷӨпјү',
  PRIMARY KEY (`supplier_id`) USING BTREE,
  UNIQUE INDEX `supplier_code`(`supplier_code`) USING BTREE
) ENGINE = InnoDB AUTO_INCREMENT = 6 CHARACTER SET = utf8mb4 COLLATE = utf8mb4_0900_ai_ci COMMENT = 'дҫӣеә”е•ҶдҝЎжҒҜиЎЁ' ROW_FORMAT = Dynamic;

-- ----------------------------
-- Records of supplier_info
-- ----------------------------
INSERT INTO `supplier_info` VALUES (1, 'GYS001', 'еӣҪиҚҜйӣҶеӣўеҢ»иҚҜжңүйҷҗе…¬еҸё', 'еј е»әеӣҪ', '010-65529988', 'еҢ—дә¬еёӮжңқйҳіеҢәе»әеӣҪи·Ҝ128еҸ·', 'дә¬иҚҜз»ҸиҗҘ20250001', 1, '2026-05-24 16:30:46', '2026-05-24 16:30:46', 0);
INSERT INTO `supplier_info` VALUES (2, 'GYS002', 'еҚҺж¶ҰеҢ»иҚҜе•ҶдёҡйӣҶеӣўжңүйҷҗе…¬еҸё', 'жқҺжҳҺиҫү', '010-65158866', 'еҢ—дә¬еёӮдёңеҹҺеҢәе®үе®ҡй—ЁеӨ–еӨ§иЎ—56еҸ·', 'дә¬иҚҜз»ҸиҗҘ20250002', 1, '2026-05-24 16:30:46', '2026-05-24 16:30:46', 0);
INSERT INTO `supplier_info` VALUES (3, 'GYS003', 'дёҠжө·еҢ»иҚҜеҲҶй”ҖжҺ§иӮЎжңүйҷҗе…¬еҸё', 'зҺӢеҝ—ејә', '021-63298877', 'дёҠжө·еёӮй»„жөҰеҢәзҰҸе·һи·Ҝ666еҸ·', 'жІӘиҚҜз»ҸиҗҘ20250003', 1, '2026-05-24 16:30:46', '2026-05-24 16:30:46', 0);
INSERT INTO `supplier_info` VALUES (4, 'GYS004', 'е№ҝе·һеҢ»иҚҜйӣҶеӣўжңүйҷҗе…¬еҸё', 'йҷҲдјҹдёң', '020-81886655', 'е№ҝе·һеёӮиҚ”ж№ҫеҢәжІҷйқўеҢ—иЎ—45еҸ·', 'зІӨиҚҜз»ҸиҗҘ20250004', 1, '2026-05-24 16:30:46', '2026-05-24 16:30:46', 0);
INSERT INTO `supplier_info` VALUES (5, 'GYS005', 'еҚ—дә¬еҢ»иҚҜиӮЎд»Ҫжңүйҷҗе…¬еҸё', 'еҲҳе®¶жҳҺ', '025-83779922', 'еҚ—дә¬еёӮйј“жҘјеҢәдёӯеұұеҢ—и·Ҝ288еҸ·', 'иӢҸиҚҜз»ҸиҗҘ20250005', 1, '2026-05-24 16:30:46', '2026-05-24 16:30:46', 0);

-- ----------------------------
-- Table structure for sys_menu
-- ----------------------------
DROP TABLE IF EXISTS `sys_menu`;
CREATE TABLE `sys_menu`  (
  `menu_id` bigint(0) NOT NULL AUTO_INCREMENT COMMENT 'иҸңеҚ• ID',
  `menu_name` varchar(50) CHARACTER SET utf8mb4 COLLATE utf8mb4_0900_ai_ci NOT NULL COMMENT 'иҸңеҚ•еҗҚз§°',
  `parent_id` bigint(0) NULL DEFAULT 0 COMMENT 'зҲ¶иҸңеҚ• ID',
  `path` varchar(100) CHARACTER SET utf8mb4 COLLATE utf8mb4_0900_ai_ci NULL DEFAULT NULL COMMENT 'иҸңеҚ•и·Ҝеҫ„',
  `component` varchar(100) CHARACTER SET utf8mb4 COLLATE utf8mb4_0900_ai_ci NULL DEFAULT NULL COMMENT 'з»„д»¶и·Ҝеҫ„',
  `icon` varchar(50) CHARACTER SET utf8mb4 COLLATE utf8mb4_0900_ai_ci NULL DEFAULT NULL COMMENT 'иҸңеҚ•еӣҫж Ү',
  `sort` int(0) NULL DEFAULT 0 COMMENT 'жҺ’еәҸ',
  `status` int(0) NULL DEFAULT 1 COMMENT 'зҠ¶жҖҒпјҲ0 зҰҒз”Ё/1 еҗҜз”Ёпјү',
  `create_time` datetime(0) NULL DEFAULT CURRENT_TIMESTAMP COMMENT 'еҲӣе»әж—¶й—ҙ',
  `update_time` datetime(0) NULL DEFAULT CURRENT_TIMESTAMP ON UPDATE CURRENT_TIMESTAMP(0) COMMENT 'жӣҙж–°ж—¶й—ҙ',
  PRIMARY KEY (`menu_id`) USING BTREE
) ENGINE = InnoDB AUTO_INCREMENT = 15 CHARACTER SET = utf8mb4 COLLATE = utf8mb4_0900_ai_ci COMMENT = 'зі»з»ҹиҸңеҚ•иЎЁ' ROW_FORMAT = Dynamic;

-- ----------------------------
-- Records of sys_menu
-- ----------------------------
INSERT INTO `sys_menu` VALUES (1, 'йҰ–йЎө', 0, '/dashboard', 'Dashboard.vue', 'HomeFilled', 1, 1, '2026-04-11 12:17:09', '2026-05-24 13:44:10');
INSERT INTO `sys_menu` VALUES (2, 'иҚҜе“Ғз®ЎзҗҶ', 0, '/drug', 'drug/DrugList.vue', 'Aim', 2, 1, '2026-04-11 12:17:09', '2026-05-24 13:44:10');
INSERT INTO `sys_menu` VALUES (3, 'дҫӣеә”е•Ҷз®ЎзҗҶ', 0, '/supplier', 'supplier/SupplierList.vue', 'OfficeBuilding', 3, 1, '2026-04-11 12:17:09', '2026-05-24 13:44:10');
INSERT INTO `sys_menu` VALUES (4, 'йҮҮиҙӯз®ЎзҗҶ', 0, '/purchase', 'purchase/PurchaseOrderList.vue', 'ShoppingCart', 4, 1, '2026-04-11 12:17:09', '2026-05-24 13:44:10');
INSERT INTO `sys_menu` VALUES (5, 'йҮҮиҙӯе®Ўж ё', 0, '/purchase-audit', 'purchase/PurchaseAuditList.vue', 'Check', 5, 1, '2026-04-11 12:17:09', '2026-05-24 13:44:10');
INSERT INTO `sys_menu` VALUES (6, 'еә“еӯҳз®ЎзҗҶ', 0, '/stock', 'stock/StockList.vue', 'Box', 6, 1, '2026-04-11 12:17:09', '2026-05-24 13:44:10');
INSERT INTO `sys_menu` VALUES (7, 'е…Ҙеә“з®ЎзҗҶ', 0, '/drug-in', 'inout/DrugInList.vue', 'Bottom', 7, 1, '2026-04-11 12:17:09', '2026-05-24 13:44:10');
INSERT INTO `sys_menu` VALUES (8, 'еҮәеә“з®ЎзҗҶ', 0, '/drug-out', 'inout/DrugOutList.vue', 'Top', 8, 1, '2026-04-11 12:17:09', '2026-05-24 13:44:10');
INSERT INTO `sys_menu` VALUES (10, 'з”ЁжҲ·з®ЎзҗҶ', 0, '/user', 'system/UserList.vue', 'User', 12, 1, '2026-04-11 12:17:09', '2026-05-24 16:20:21');
INSERT INTO `sys_menu` VALUES (11, 'и§’иүІз®ЎзҗҶ', 0, '/role', 'system/RoleList.vue', 'Setting', 13, 1, '2026-04-11 12:17:09', '2026-05-24 16:20:21');
INSERT INTO `sys_menu` VALUES (12, 'д»“еә“з®ЎзҗҶ', 0, '/warehouse', 'warehouse/WarehouseList.vue', 'House', 9, 1, '2026-05-24 13:44:10', '2026-05-24 13:44:10');
INSERT INTO `sys_menu` VALUES (13, 'еә“еӯҳзӣҳзӮ№', 0, '/stock-check', 'stock/StockCheckList.vue', 'List', 10, 1, '2026-05-24 13:44:10', '2026-05-24 16:20:21');
INSERT INTO `sys_menu` VALUES (14, 'йў„иӯҰдёӯеҝғ', 0, '/warning-center', 'stock/WarningCenter.vue', 'Bell', 11, 1, '2026-05-24 14:49:58', '2026-05-24 16:20:21');

-- ----------------------------
-- Table structure for sys_operation_log
-- ----------------------------
DROP TABLE IF EXISTS `sys_operation_log`;
CREATE TABLE `sys_operation_log`  (
  `log_id` bigint(0) NOT NULL AUTO_INCREMENT COMMENT 'ж—Ҙеҝ— ID',
  `user_id` bigint(0) NULL DEFAULT NULL COMMENT 'ж“ҚдҪңдәә ID',
  `user_name` varchar(50) CHARACTER SET utf8mb4 COLLATE utf8mb4_0900_ai_ci NULL DEFAULT NULL COMMENT 'ж“ҚдҪңдәәе§“еҗҚ',
  `operation` varchar(100) CHARACTER SET utf8mb4 COLLATE utf8mb4_0900_ai_ci NULL DEFAULT NULL COMMENT 'ж“ҚдҪңзұ»еһӢпјҲеҰӮпјҡж–°еўһ/дҝ®ж”№/еҲ йҷӨ/е®Ўж ё/е…Ҙеә“/еҮәеә“пјү',
  `module` varchar(50) CHARACTER SET utf8mb4 COLLATE utf8mb4_0900_ai_ci NULL DEFAULT NULL COMMENT 'ж“ҚдҪңжЁЎеқ—пјҲеҰӮпјҡиҚҜе“Ғз®ЎзҗҶ/йҮҮиҙӯз®ЎзҗҶ/еә“еӯҳз®ЎзҗҶпјү',
  `description` varchar(500) CHARACTER SET utf8mb4 COLLATE utf8mb4_0900_ai_ci NULL DEFAULT NULL COMMENT 'ж“ҚдҪңжҸҸиҝ°',
  `method` varchar(200) CHARACTER SET utf8mb4 COLLATE utf8mb4_0900_ai_ci NULL DEFAULT NULL COMMENT 'иҜ·жұӮж–№жі•',
  `params` text CHARACTER SET utf8mb4 COLLATE utf8mb4_0900_ai_ci NULL COMMENT 'иҜ·жұӮеҸӮж•°',
  `ip` varchar(50) CHARACTER SET utf8mb4 COLLATE utf8mb4_0900_ai_ci NULL DEFAULT NULL COMMENT 'ж“ҚдҪң IP',
  `create_time` datetime(0) NULL DEFAULT CURRENT_TIMESTAMP COMMENT 'ж“ҚдҪңж—¶й—ҙ',
  PRIMARY KEY (`log_id`) USING BTREE,
  INDEX `idx_user_id`(`user_id`) USING BTREE,
  INDEX `idx_module`(`module`) USING BTREE,
  INDEX `idx_create_time`(`create_time`) USING BTREE
) ENGINE = InnoDB CHARACTER SET = utf8mb4 COLLATE = utf8mb4_0900_ai_ci COMMENT = 'ж“ҚдҪңж—Ҙеҝ—иЎЁ' ROW_FORMAT = Dynamic;

-- ----------------------------
-- Table structure for sys_role
-- ----------------------------
DROP TABLE IF EXISTS `sys_role`;
CREATE TABLE `sys_role`  (
  `role_id` bigint(0) NOT NULL AUTO_INCREMENT COMMENT 'и§’иүІ ID',
  `role_name` varchar(50) CHARACTER SET utf8mb4 COLLATE utf8mb4_0900_ai_ci NOT NULL COMMENT 'и§’иүІеҗҚз§°',
  `role_code` varchar(50) CHARACTER SET utf8mb4 COLLATE utf8mb4_0900_ai_ci NOT NULL COMMENT 'и§’иүІзј–з Ғ',
  `description` varchar(200) CHARACTER SET utf8mb4 COLLATE utf8mb4_0900_ai_ci NULL DEFAULT NULL COMMENT 'и§’иүІжҸҸиҝ°',
  `create_time` datetime(0) NULL DEFAULT CURRENT_TIMESTAMP COMMENT 'еҲӣе»әж—¶й—ҙ',
  `update_time` datetime(0) NULL DEFAULT CURRENT_TIMESTAMP ON UPDATE CURRENT_TIMESTAMP(0) COMMENT 'жӣҙж–°ж—¶й—ҙ',
  `is_deleted` tinyint(1) NOT NULL DEFAULT 0 COMMENT 'жҳҜеҗҰеҲ йҷӨпјҲ0жңӘеҲ йҷӨ/1е·ІеҲ йҷӨпјү',
  PRIMARY KEY (`role_id`) USING BTREE,
  UNIQUE INDEX `role_code`(`role_code`) USING BTREE
) ENGINE = InnoDB AUTO_INCREMENT = 7 CHARACTER SET = utf8mb4 COLLATE = utf8mb4_0900_ai_ci COMMENT = 'зі»з»ҹи§’иүІиЎЁ' ROW_FORMAT = Dynamic;

-- ----------------------------
-- Records of sys_role
-- ----------------------------
INSERT INTO `sys_role` VALUES (1, 'зі»з»ҹз®ЎзҗҶе‘ҳ', 'ADMIN', 'жӢҘжңүзі»з»ҹжүҖжңүжқғйҷҗ', '2026-04-11 12:17:09', '2026-04-11 12:17:09', 0);
INSERT INTO `sys_role` VALUES (2, 'йҮҮиҙӯе®Ўж ёе‘ҳ', 'AUDITOR', 'иҙҹиҙЈйҮҮиҙӯи®ўеҚ•е®Ўж ё', '2026-04-11 12:17:09', '2026-04-11 12:17:09', 0);
INSERT INTO `sys_role` VALUES (3, 'йҮҮиҙӯе‘ҳ', 'PURCHASER', 'иҙҹиҙЈйҮҮиҙӯи®ўеҚ•еҲӣе»ә', '2026-04-11 12:17:09', '2026-04-11 12:17:09', 0);
INSERT INTO `sys_role` VALUES (4, 'еә“з®Ўе‘ҳ', 'WAREHOUSE', 'иҙҹиҙЈиҚҜе“ҒеҮәе…Ҙеә“е’Ңеә“еӯҳз®ЎзҗҶ', '2026-04-11 12:17:09', '2026-04-11 12:17:09', 0);

-- ----------------------------
-- Table structure for sys_role_menu
-- ----------------------------
DROP TABLE IF EXISTS `sys_role_menu`;
CREATE TABLE `sys_role_menu`  (
  `id` bigint(0) NOT NULL AUTO_INCREMENT COMMENT 'ID',
  `role_id` bigint(0) NOT NULL COMMENT 'и§’иүІ ID',
  `menu_id` bigint(0) NOT NULL COMMENT 'иҸңеҚ• ID',
  `create_time` datetime(0) NULL DEFAULT CURRENT_TIMESTAMP COMMENT 'еҲӣе»әж—¶й—ҙ',
  PRIMARY KEY (`id`) USING BTREE,
  UNIQUE INDEX `uk_role_menu`(`role_id`, `menu_id`) USING BTREE COMMENT 'и§’иүІиҸңеҚ•е”ҜдёҖзҙўеј•'
) ENGINE = InnoDB AUTO_INCREMENT = 251 CHARACTER SET = utf8mb4 COLLATE = utf8mb4_0900_ai_ci COMMENT = 'и§’иүІиҸңеҚ•е…іиҒ”иЎЁ' ROW_FORMAT = Dynamic;

-- ----------------------------
-- Records of sys_role_menu
-- ----------------------------
INSERT INTO `sys_role_menu` VALUES (224, 1, 1, '2026-05-24 16:20:21');
INSERT INTO `sys_role_menu` VALUES (225, 1, 2, '2026-05-24 16:20:21');
INSERT INTO `sys_role_menu` VALUES (226, 1, 3, '2026-05-24 16:20:21');
INSERT INTO `sys_role_menu` VALUES (227, 1, 4, '2026-05-24 16:20:21');
INSERT INTO `sys_role_menu` VALUES (228, 1, 5, '2026-05-24 16:20:21');
INSERT INTO `sys_role_menu` VALUES (229, 1, 6, '2026-05-24 16:20:21');
INSERT INTO `sys_role_menu` VALUES (230, 1, 7, '2026-05-24 16:20:21');
INSERT INTO `sys_role_menu` VALUES (231, 1, 8, '2026-05-24 16:20:21');
INSERT INTO `sys_role_menu` VALUES (232, 1, 12, '2026-05-24 16:20:21');
INSERT INTO `sys_role_menu` VALUES (233, 1, 10, '2026-05-24 16:20:21');
INSERT INTO `sys_role_menu` VALUES (234, 1, 11, '2026-05-24 16:20:21');
INSERT INTO `sys_role_menu` VALUES (235, 1, 13, '2026-05-24 16:20:21');
INSERT INTO `sys_role_menu` VALUES (236, 1, 14, '2026-05-24 16:20:21');
INSERT INTO `sys_role_menu` VALUES (237, 3, 1, '2026-05-24 16:20:21');
INSERT INTO `sys_role_menu` VALUES (238, 3, 2, '2026-05-24 16:20:21');
INSERT INTO `sys_role_menu` VALUES (239, 3, 3, '2026-05-24 16:20:21');
INSERT INTO `sys_role_menu` VALUES (240, 3, 4, '2026-05-24 16:20:21');
INSERT INTO `sys_role_menu` VALUES (241, 2, 1, '2026-05-24 16:20:21');
INSERT INTO `sys_role_menu` VALUES (242, 2, 4, '2026-05-24 16:20:21');
INSERT INTO `sys_role_menu` VALUES (243, 2, 5, '2026-05-24 16:20:21');
INSERT INTO `sys_role_menu` VALUES (244, 4, 1, '2026-05-24 16:20:21');
INSERT INTO `sys_role_menu` VALUES (245, 4, 6, '2026-05-24 16:20:21');
INSERT INTO `sys_role_menu` VALUES (246, 4, 7, '2026-05-24 16:20:21');
INSERT INTO `sys_role_menu` VALUES (247, 4, 8, '2026-05-24 16:20:21');
INSERT INTO `sys_role_menu` VALUES (248, 4, 12, '2026-05-24 16:20:21');
INSERT INTO `sys_role_menu` VALUES (249, 4, 13, '2026-05-24 16:20:21');
INSERT INTO `sys_role_menu` VALUES (250, 4, 14, '2026-05-24 16:20:21');

-- ----------------------------
-- Table structure for sys_user
-- ----------------------------
DROP TABLE IF EXISTS `sys_user`;
CREATE TABLE `sys_user`  (
  `user_id` bigint(0) NOT NULL AUTO_INCREMENT COMMENT 'з”ЁжҲ· ID',
  `username` varchar(50) CHARACTER SET utf8mb4 COLLATE utf8mb4_0900_ai_ci NOT NULL COMMENT 'зҷ»еҪ•иҙҰеҸ·',
  `password` varchar(100) CHARACTER SET utf8mb4 COLLATE utf8mb4_0900_ai_ci NOT NULL COMMENT 'еҜҶз ҒпјҲеҠ еҜҶеӯҳеӮЁпјү',
  `real_name` varchar(50) CHARACTER SET utf8mb4 COLLATE utf8mb4_0900_ai_ci NULL DEFAULT NULL COMMENT 'зңҹе®һе§“еҗҚ',
  `role_id` bigint(0) NULL DEFAULT NULL COMMENT 'и§’иүІ ID',
  `phone` varchar(20) CHARACTER SET utf8mb4 COLLATE utf8mb4_0900_ai_ci NULL DEFAULT NULL COMMENT 'жүӢжңәеҸ·',
  `email` varchar(100) CHARACTER SET utf8mb4 COLLATE utf8mb4_0900_ai_ci NULL DEFAULT NULL COMMENT 'йӮ®з®ұ',
  `status` int(0) NULL DEFAULT 1 COMMENT 'зҠ¶жҖҒпјҲ0 зҰҒз”Ё/1 еҗҜз”Ёпјү',
  `last_login_time` datetime(0) NULL DEFAULT NULL COMMENT 'жңҖеҗҺзҷ»еҪ•ж—¶й—ҙ',
  `create_time` datetime(0) NULL DEFAULT CURRENT_TIMESTAMP COMMENT 'еҲӣе»әж—¶й—ҙ',
  `update_time` datetime(0) NULL DEFAULT CURRENT_TIMESTAMP ON UPDATE CURRENT_TIMESTAMP(0) COMMENT 'жӣҙж–°ж—¶й—ҙ',
  `is_deleted` tinyint(1) NOT NULL DEFAULT 0 COMMENT 'жҳҜеҗҰеҲ йҷӨпјҲ0жңӘеҲ йҷӨ/1е·ІеҲ йҷӨпјү',
  PRIMARY KEY (`user_id`) USING BTREE,
  UNIQUE INDEX `username`(`username`) USING BTREE
) ENGINE = InnoDB AUTO_INCREMENT = 8 CHARACTER SET = utf8mb4 COLLATE = utf8mb4_0900_ai_ci COMMENT = 'зі»з»ҹз”ЁжҲ·иЎЁ' ROW_FORMAT = Dynamic;

-- ----------------------------
-- Records of sys_user
-- ----------------------------
INSERT INTO `sys_user` VALUES (1, 'admin', '9ede2e0c0dfd8d0f68266a06d8428f41', 'зі»з»ҹз®ЎзҗҶе‘ҳ', 1, '13800138000', 'admin@hospital.com', 1, '2026-05-25 09:11:58', '2026-04-11 12:17:09', '2026-04-11 20:10:26', 0);
INSERT INTO `sys_user` VALUES (2, 'shenhe', '9ede2e0c0dfd8d0f68266a06d8428f41', 'жқҺе®Ўж ё', 2, '13800138001', 'auditor@hospital.com', 1, '2026-05-24 18:21:12', '2026-04-11 12:17:09', '2026-05-24 13:44:09', 0);
INSERT INTO `sys_user` VALUES (3, 'caigou', '9ede2e0c0dfd8d0f68266a06d8428f41', 'зҺӢйҮҮиҙӯ', 3, '13800138002', 'purchaser@hospital.com', 1, '2026-05-24 18:21:11', '2026-04-11 12:17:09', '2026-04-11 13:30:27', 0);
INSERT INTO `sys_user` VALUES (4, 'kuguan', '9ede2e0c0dfd8d0f68266a06d8428f41', 'еј еә“з®Ў', 4, '13800138003', 'warehouse@hospital.com', 1, '2026-05-24 19:06:47', '2026-04-11 12:17:09', '2026-05-24 13:44:09', 0);

-- ----------------------------
-- Table structure for system_notice
-- ----------------------------
DROP TABLE IF EXISTS `system_notice`;
CREATE TABLE `system_notice`  (
  `notice_id` bigint(0) NOT NULL AUTO_INCREMENT COMMENT 'е…¬е‘Ҡ ID',
  `title` varchar(200) CHARACTER SET utf8mb4 COLLATE utf8mb4_0900_ai_ci NOT NULL COMMENT 'е…¬е‘Ҡж Үйўҳ',
  `content` text CHARACTER SET utf8mb4 COLLATE utf8mb4_0900_ai_ci NOT NULL COMMENT 'е…¬е‘ҠеҶ…е®№',
  `create_user_id` bigint(0) NULL DEFAULT NULL COMMENT 'еҲӣе»әдәә ID',
  `create_user_name` varchar(50) CHARACTER SET utf8mb4 COLLATE utf8mb4_0900_ai_ci NULL DEFAULT NULL COMMENT 'еҲӣе»әдәәе§“еҗҚ',
  `status` int(0) NULL DEFAULT 1 COMMENT 'зҠ¶жҖҒпјҲ0-еҒңз”Ё 1-еҗҜз”Ёпјү',
  `create_time` datetime(0) NULL DEFAULT CURRENT_TIMESTAMP COMMENT 'еҲӣе»әж—¶й—ҙ',
  `update_time` datetime(0) NULL DEFAULT CURRENT_TIMESTAMP ON UPDATE CURRENT_TIMESTAMP(0) COMMENT 'жӣҙж–°ж—¶й—ҙ',
  `is_deleted` tinyint(1) NOT NULL DEFAULT 0 COMMENT 'жҳҜеҗҰеҲ йҷӨпјҲ0жңӘеҲ йҷӨ/1е·ІеҲ йҷӨпјү',
  PRIMARY KEY (`notice_id`) USING BTREE,
  INDEX `idx_status`(`status`) USING BTREE,
  INDEX `idx_create_time`(`create_time`) USING BTREE
) ENGINE = InnoDB AUTO_INCREMENT = 7 CHARACTER SET = utf8mb4 COLLATE = utf8mb4_0900_ai_ci COMMENT = 'зі»з»ҹе…¬е‘ҠиЎЁ' ROW_FORMAT = Dynamic;

-- ----------------------------
-- Records of system_notice
-- ----------------------------
INSERT INTO `system_notice` VALUES (1, 'е…ідәҺ5жңҲд»ҪиҚҜе“ҒзӣҳзӮ№е®үжҺ’зҡ„йҖҡзҹҘ', 'еҗ„з§‘е®ӨжіЁж„Ҹпјҡ5жңҲд»ҪиҚҜе“ҒзӣҳзӮ№е°ҶдәҺ5жңҲ22ж—ҘиҝӣиЎҢпјҢиҜ·еҗ„иҚҜжҲҝжҸҗеүҚеҒҡеҘҪеҮҶеӨҮпјҢжҡӮеҒңйқһзҙ§жҖҘеҮәеә“ж“ҚдҪңгҖӮзӣҳзӮ№жңҹй—ҙеҰӮжңүзҙ§жҖҘз”ЁиҚҜйңҖжұӮпјҢиҜ·иҒ”зі»иҚҜеә“еј еә“з®ЎгҖӮ', 1, 'зі»з»ҹз®ЎзҗҶе‘ҳ', 1, '2026-05-24 16:30:46', '2026-05-24 16:30:46', 0);
INSERT INTO `system_notice` VALUES (2, 'ж–°еўһдҫӣеә”е•Ҷ-еҚ—дә¬еҢ»иҚҜиӮЎд»Ҫжңүйҷҗе…¬еҸё', 'з»Ҹиө„иҙЁе®Ўж ёпјҢж–°еўһдҫӣеә”е•Ҷ\"еҚ—дә¬еҢ»иҚҜиӮЎд»Ҫжңүйҷҗе…¬еҸё\"пјҲGYS005пјүпјҢдё»иҰҒдҫӣеә”з»ҙз”ҹзҙ зұ»е’Ңиҫ“ж¶Ізұ»иҚҜе“ҒпјҢиҜ·йҮҮиҙӯе‘ҳе…іжіЁгҖӮ', 1, 'зі»з»ҹз®ЎзҗҶе‘ҳ', 1, '2026-05-24 16:30:46', '2026-05-24 16:30:46', 0);
INSERT INTO `system_notice` VALUES (3, 'еӨҸеӯЈиҚҜе“ҒеӮЁеӯҳжіЁж„ҸдәӢйЎ№', 'еӨҸеӯЈй«ҳжё©жқҘдёҙпјҢиҜ·еҗ„иҚҜжҲҝжіЁж„Ҹпјҡ1.йңҖиҰҒеҶ·и—Ҹзҡ„иҚҜе“ҒдёҘж јжҺ§еҲ¶еңЁ2-8В°Cпјӣ2.йҒҝе…үиҚҜе“ҒжіЁж„ҸйҒ®е…үдҝқеӯҳпјӣ3.е®ҡжңҹжЈҖжҹҘиҚҜе“Ғжңүж•ҲжңҹпјҢиҝ‘ж•ҲжңҹиҚҜе“Ғдјҳе…ҲдҪҝз”ЁгҖӮ', 1, 'зі»з»ҹз®ЎзҗҶе‘ҳ', 1, '2026-05-24 16:30:46', '2026-05-24 16:30:46', 0);

-- ----------------------------
-- Table structure for warehouse_info
-- ----------------------------
DROP TABLE IF EXISTS `warehouse_info`;
CREATE TABLE `warehouse_info`  (
  `warehouse_id` bigint(0) NOT NULL AUTO_INCREMENT COMMENT 'д»“еә“ ID',
  `warehouse_name` varchar(100) CHARACTER SET utf8mb4 COLLATE utf8mb4_0900_ai_ci NOT NULL COMMENT 'д»“еә“еҗҚз§°',
  `warehouse_code` varchar(50) CHARACTER SET utf8mb4 COLLATE utf8mb4_0900_ai_ci NOT NULL COMMENT 'д»“еә“зј–з Ғ',
  `address` varchar(200) CHARACTER SET utf8mb4 COLLATE utf8mb4_0900_ai_ci NULL DEFAULT NULL COMMENT 'д»“еә“ең°еқҖ',
  `manager` varchar(50) CHARACTER SET utf8mb4 COLLATE utf8mb4_0900_ai_ci NULL DEFAULT NULL COMMENT 'з®ЎзҗҶе‘ҳ',
  `phone` varchar(20) CHARACTER SET utf8mb4 COLLATE utf8mb4_0900_ai_ci NULL DEFAULT NULL COMMENT 'иҒ”зі»з”өиҜқ',
  `status` int(0) NULL DEFAULT 1 COMMENT 'зҠ¶жҖҒпјҲ0 еҒңз”Ё/1 еҗҜз”Ёпјү',
  `create_time` datetime(0) NULL DEFAULT CURRENT_TIMESTAMP COMMENT 'еҲӣе»әж—¶й—ҙ',
  `update_time` datetime(0) NULL DEFAULT CURRENT_TIMESTAMP ON UPDATE CURRENT_TIMESTAMP(0) COMMENT 'жӣҙж–°ж—¶й—ҙ',
  `is_deleted` tinyint(1) NOT NULL DEFAULT 0 COMMENT 'жҳҜеҗҰеҲ йҷӨпјҲ0жңӘеҲ йҷӨ/1е·ІеҲ йҷӨпјү',
  PRIMARY KEY (`warehouse_id`) USING BTREE,
  UNIQUE INDEX `warehouse_code`(`warehouse_code`) USING BTREE
) ENGINE = InnoDB AUTO_INCREMENT = 4 CHARACTER SET = utf8mb4 COLLATE = utf8mb4_0900_ai_ci COMMENT = 'д»“еә“дҝЎжҒҜиЎЁ' ROW_FORMAT = Dynamic;

-- ----------------------------
-- Records of warehouse_info
-- ----------------------------
INSERT INTO `warehouse_info` VALUES (1, 'дё»д»“еә“', 'WH001', 'еҢ»йҷўең°дёӢдёҖеұӮAеҢә', 'еј еә“з®Ў', '0755-86001234', 1, '2026-05-24 16:30:46', '2026-05-24 16:30:46', 0);
INSERT INTO `warehouse_info` VALUES (2, 'й—ЁиҜҠиҚҜжҲҝ', 'WH002', 'й—ЁиҜҠжҘјдёҖеұӮиҘҝдҫ§', 'иөөиҚҜеЈ«', '0755-86001235', 1, '2026-05-24 16:30:46', '2026-05-24 16:30:46', 0);
INSERT INTO `warehouse_info` VALUES (3, 'жҖҘиҜҠиҚҜжҲҝ', 'WH003', 'жҖҘиҜҠжҘјдёҖеұӮдёңдҫ§', 'еӯҷиҚҜеёҲ', '0755-86001236', 1, '2026-05-24 16:30:46', '2026-05-24 16:30:46', 0);

SET FOREIGN_KEY_CHECKS = 1;
